ÉLÉÉÉìÉyÅ[ÉìID,ï™óﬁ
d20052801,1
d20060401,1
d20061101,1
d20061801,1
d20062501,1
d20070201,1
d20070901,1
d20071601,1
d20072301,1
d20073001,1
d20080601,1
d20081301,1
d20082001,1
d20082701,1
d20090301,1
d20091001,1
d20091701,1
d20092401,1
d20100101,1
d20100801,1
d20101501,1
d20102201,1
d20102901,1
d20110501,1
d20111201,1
d20111901,1
d20112601,1
d20120301,1
d20121001,1
d20121701,1
d20122401,1
d20123101,1
d21010701,1
d21011401,1
d21012101,1
d21012801,1
d21020401,1
d21021101,1
d21021801,1
d21022501,1
d21030401,1
d21031101,1
d21031801,1
d21032501,1
d21040101,1
d21040801,1
d21041501,1
d21042201,1
d21042901,1
d21050601,1
d21051301,1
d21052001,1
d21052701,1
d21060301,1
d21061001,1
d21061701,1
d21062401,1
d21051805,1
d21051806,1
d21051807,1
d21051808,1
d21051303,1
d21052003,1
d21052703,1
d21060303,1
d21061003,1
d21061703,1
d21062403,1
d21070101,1
d21070801,1
d21071501,1
d21072201,1
d21072901,1
d21080501,1
d21081201,1
d21081901,1
d21082601,1
d21090201,1
d21090901,1
d21091601,1
d21092301,1
d21093001,1
d21100701,1
d21101401,1
d21102101,1
d21102801,1
d21110401,1
d21111101,1
d21111801,1
d21112501,1
d21120201,1
d21120901,1
d21121601,1
d21122301,1
d21123001,1
d22010601,1
d22011301,1
d22012001,1
d22012701,1
d22020301,1
d22021001,1
d22021701,1
d22022401,1
d22030301,1
d22031001,1
d22031701,1
d22032401,1
d22033101,1
d22040701,1
d22041401,1
d22042101,1
d22042801,1
d22050501,1
d22051201,1
d22051901,1
d22052601,1
d22060201,1
d22060901,1
d22061601,1
d22062301,1
d20052802,2
d20060402,2
d20061102,2
d20061802,2
d20062502,2
d20070202,2
d20070902,2
d20071602,2
d20072302,2
d20073002,2
d20080602,2
d20081302,2
d20082002,2
d20082702,2
d20090302,2
d20091002,2
d20091702,2
d20092402,2
d20100102,2
d20100802,2
d20101502,2
d20102202,2
d20102902,2
d20110502,2
d20111202,2
d20111902,2
d20112602,2
d20120302,2
d20121002,2
d20121702,2
d20122402,2
d20123102,2
d21010702,2
d21011402,2
d21012102,2
d21012802,2
d21020402,2
d21021102,2
d21021802,2
d21022502,2
d21030402,2
d21031102,2
d21031802,2
d21032502,2
d21040102,2
d21040802,2
d21041502,2
d21042202,2
d21042902,2
d21050602,2
d21051302,2
d21052002,2
d21052702,2
d21060302,2
d21061002,2
d21061702,2
d21062402,2
d21051801,2
d21051802,2
d21051803,2
d21051804,2
d21051304,2
d21052004,2
d21052704,2
d21060304,2
d21061004,2
d21061704,2
d21062404,2
d21070102,2
d21070802,2
d21071502,2
d21072202,2
d21072902,2
d21080502,2
d21081202,2
d21081902,2
d21082602,2
d21090202,2
d21090902,2
d21091602,2
d21092302,2
d21093002,2
d21100702,2
d21101402,2
d21102102,2
d21102802,2
d21110402,2
d21111102,2
d21111802,2
d21112502,2
d21120202,2
d21120902,2
d21121602,2
d21122302,2
d21123002,2
d22010602,2
d22011302,2
d22012002,2
d22012702,2
d22020302,2
d22021002,2
d22021702,2
d22022402,2
d22030302,2
d22031002,2
d22031702,2
d22032402,2
d22033102,2
d22040702,2
d22041402,2
d22042102,2
d22042802,2
d22050502,2
d22051202,2
d22051902,2
d22052602,2
d22060202,2
d22060902,2
d22061602,2
d22062302,2
